column_name,description
_STATE,State FIPS Code
_GEOSTR,Geographic Stratum Code
_DENSTR2,Household Density Stratum Code
PRECALL,Pre-Call Status Code
SECSCRFL,Secondary Screening Flags
REPNUM,Replicate Number
REPDEPTH,Replicate Depth
FMONTH,File Month
IDATE,Interview Date
IMONTH,Interview Month
IDAY,Interview Day
IYEAR,Interview Year
INTVID,Interviewer Identification
DISPCODE,Final Disposition
SEQNO,Annual Sequence Number
_PSU,Primary Sampling Unit (Equal to Annual Sequence Number)
NATTMPTS,Number of Attempts
NRECSEL,Number of Sample Records Selected from Stratum
NRECSTR,Number of Telephone Numbers in Stratum from Which Sample Was Selected
CTELENM1,Is this [PHONE NUMBER]?
PVTRESD1,Is this a private residence?
COLGHOUS,Do you live in college housing?
STATERE1,Do you currently live in__Ohio____?
CELPHONE,Is this a cell phone?
LADULT1,Are you 18 years of age or older?
COLGSEX,Are you male or female?
NUMADULT,"I need to randomly select one adult who lives in your household to be interviewed. Excluding adults living away from home, such as students away at college, how many members of your household, including yourself, are 18 years of age or older?"
LANDSEX,Are you male or female?
NUMMEN,How many of these adults are men?
NUMWOMEN,So the number of women in the household is [X]. Is that correct?
RESPSLCT,The person in your household that I need to speak with is [Oldest/Youngest / Middle//Male /Female]. Are you the [Oldest/Youngest / Middle//Male /Female] in this household?
SAFETIME,Is this a safe time to talk with you?
CTELNUM1,Is this (phone number) ?
CELLFON5,Is this a cell phone?
CADULT1,Are you 18 years of age or older?
CELLSEX,Are you male or female?
PVTRESD3,Do you live in a private residence?
CCLGHOUS,Do you live in college housing?
CSTATE1,Do you currently live in___Ohio____?
RSPSTAT1,In what state do you currently live?
LANDLINE,Do you also have a landline telephone in your home that is used to make and receive calls?
HHADULT,"How many members of your household, including yourself, are 18 years of age or older?"
SEXVAR,Sex of Respondent
GENHLTH,Would you say that in general your health is—
PHYSHLTH,"Now thinking about your physical health, which includes physical illness and injury, for how many days during"
MENTHLTH,"Now thinking about your mental health, which includes stress, depression, and problems with emotions, for how"
POORHLTH,"During the past 30 days, for about how many days did poor physical or mental health keep you from doing your"
HLTHPLN1,"Do you have any kind of health care coverage, including health insurance, prepaid plans such as HMOs, or"
PERSDOC2,Do you have one person you think of as your personal doctor or health care provider?
MEDCOST,Was there a time in the past 12 months when you needed to see a doctor but could not because of cost?
CHECKUP1,About how long has it been since you last visited a doctor for a routine checkup?
EXERANY2,"During the past month, other than your regular job, did you participate in any physical activities or exercises such"
SLEPTIM1,"On average, how many hours of sleep do you get in a 24‐hour period?"
CVDINFR4,"(Ever told) you had a heart attack, also called a myocardial infarction?"
CVDCRHD4,(Ever told) (you had) angina or coronary heart disease?
CVDSTRK3,(Ever told) (you had) a stroke.
ASTHMA3,(Ever told) (you had) asthma?
ASTHNOW,Do you still have asthma?
CHCSCNCR,(Ever told) (you had) skin cancer?
CHCOCNCR,(Ever told) (you had) any other types of cancer?
CHCCOPD2,"(Ever told) (you had) chronic obstructive pulmonary disease, C.O.P.D., emphysema or chronic bronchitis?"
HAVARTH4,"(Ever told) (you had) some form of arthritis, rheumatoid arthritis, gout, lupus, or fibromyalgia? (Arthritis diagnoses include:"
ADDEPEV3,"(Ever told) (you had) a depressive disorder (including depression, major depression, dysthymia, or minor depression)?"
CHCKDNY2,"Not including kidney stones, bladder infection or incontinence, were you ever told you had kidney disease?"
DIABETE4,"(Ever told) (you had) diabetes? (If ´Yes´ and respondent is female, ask ´Was this only when you were pregnant?´."
DIABAGE3,How old were you when you were told you have diabetes?
LASTDEN4,"Including all types of dentists, such as orthodontists, oral surgeons, and all other dental specialists, as well as dental hygienists, how long has it been since you last visited a dentist or a dental clinic for any reason?"
RMVTETH4,"Not including teeth lost for injury or orthodontics, how many of your permanent teeth have been removed because of tooth decay or gum disease?"
AGE,What is your age?
HISPANC3,"Are you Hispanic, Latino/a, or Spanish origin? [One or more categories may be selected.]"
MRACE1,Which one or more of the following would you say is your race?
ORACE3,Which one of these groups would you say best represents your race?
MARITAL,Are you…
EDUCA,What is the highest grade or year of school you completed ?
RENTHOM1,Do you own or rent your home?
CTYCODE2,In what county do you currently live?
ZIPCODE1,What is the ZIP Code where you currently live?
NUMHHOL3,"Not including cell phones or numbers used for computers, fax machines or security systems, do you have more"
NUMPHON3,How many of these telephone numbers are residential numbers?
CPDEMO1B,How many cell phones do you have for personal use?
VETERAN3,"Have you ever served on active duty in the United States Armed Forces, either in the regular military or in a National Guard or military reserve unit?"
EMPLOY1,Are you currently… ?
CHILDREN,How many children less than
INCOME2,"Is your annual household income from all sources: (If respondent refuses at any income level, code ´Refused.´)"
PREGNANT,"To your knowledge, are you now pregnant?"
WEIGHT2,"About how much do you weigh without shoes? (If respondent answers in metrics, put a 9 in the first column)"
HEIGHT3,"About how tall are you without shoes? (If respondent answers in metrics, put a 9 in the first column)[Round fractions down.]"
DEAF,Are you deaf or do you have serious difficulty hearing?
BLIND,"Are you blind or do you have serious difficulty seeing, even when wearing glasses?"
DECIDE,"Because of a physical, mental, or emotional condition, do you have serious difficulty concentrating,"
DIFFWALK,Do you have serious difficulty walking or climbing stairs?
DIFFDRES,Do you have difficulty dressing or bathing?
DIFFALON,"Because of a physical, mental, or emotional condition, do you have difficulty doing errands alone such as visiting a doctor"
SMOKE100,Have you smoked at least 100 cigarettes in your entire life?
SMOKDAY2,"Do you now smoke cigarettes every day, some days, or not at all?"
STOPSMK2,"During the past 12 months, have you stopped smoking for"
LASTSMK2,"How long has it been since you last smoked a cigarette, even one or two puffs?"
USENOW3,"Do you currently use chewing tobacco, snuff, or snus every day, some days, or not at all? (Snus (Swedish for snuff) is a"
ALCDAY5,"During the past 30 days, how many days per week or per month did you have at least one drink of any alcoholic"
AVEDRNK3,"One drink is equivalent to a 12-ounce beer, a 5-ounce glass of wine, or a drink with one shot of liquor. During the past 30"
DRNK3GE5,"Considering all types of alcoholic beverages, how many times during the past 30 days did you have 5 or more"
MAXDRNKS,"During the past 30 days, what is the largest number of drinks you had on any occasion?"
FLUSHOT7,"During the past 12 months, have you had either flu vaccine that was sprayed in your nose or flu shot injected into your arm?"
FLSHTMY3,During what month and year did you receive your most recent flu vaccine that was sprayed in your nose or flu
SHINGLE2,Have you ever had the shingles or zoster vaccine?
PNEUVAC4,Have you ever had a pneumonia shot also known as a pneumococcal vaccine?
FALL12MN,"In the past 12 months, how many times have you fallen?"
FALLINJ4,How many of these falls caused an injury that limited your regular activities for at least a day or caused you to go to see a doctor?
SEATBELT,How often do you use seat belts when you drive or ride in a car? Would you say—
DRNKDRI2,"During the past 30 days, how many times have you driven when you’ve had perhaps too much to drink?"
HADMAM,The next questions are about breast and cervical cancer. Have you ever had a mammogram?
HOWLONG,How long has it been since you had your last mammogram?
HADPAP2,Have you ever had a Pap test?
LASTPAP2,How long has it been since you had your last Pap test?
HPVTEST,An H.P.V. test is sometimes given with the Pap test for cervical cancer screening. Have you ever had an H.P.V. test?
HPLSTTST,How long has it been since you had your last H.P.V. test?
HADHYST2,Have you had a hysterectomy?
PCPSAAD3,"Has a doctor, nurse, or other health professional ever talked with you about the advantages of the Prostate-"
PCPSADI1,"Has a doctor, nurse, or other health professional ever talked with you about the disadvantages of the PSA test?"
PCPSARE1,"Has a doctor, nurse, or other health professional ever recommended that you have a P.S.A. test?"
PSATEST1,Have you ever had a P.S.A. test?
PSATIME,How long has it been since you had your last P.S.A. test?
PCPSARS1,What was the main reason you had this P.S.A. test – was it …?
COLNSCPY,Have you ever had a colonoscopy?
COLNTEST,How long has it been since you had this test?
SIGMSCPY,Have you ever had a sigmoidoscopy?
SIGMTEST,How long has it been since you had this test?
BLDSTOL1,Have you ever had this test using a home kit?
LSTBLDS4,How long has it been since you had this test?
STOOLDNA,Have you ever had this test?
SDNATEST,How long has it been since you had this test?
VIRCOLON,Have you ever had a virtual colonoscopy?
VCLNTEST,How long has it been since you had this test?
HIVTST7,"Including fluid testing from your mouth, but not including tests you may have had for blood donation, have you"
HIVTSTD3,"Not including blood donations, in what month and year was your last H.I.V. test?"
HIVRISK5,"I am going to read you a list. When I am done, please tell me if any of the situations apply to you. You do not need to tell me which one. You have injected any drug other than those prescribed for you in the past year."
PDIABTST,Have you had a test for high blood sugar or diabetes within the past three years?
PREDIAB1,Have you ever been told by a doctor or other health professional that you have pre‐diabetes or borderline diabetes?
INSULIN1,Are you now taking insulin?
BLDSUGAR,About how often do you check your blood for glucose or sugar?
FEETCHK3,"Including times when checked by a family member or friend, about how often do you check your feet for any sores or irritations?"
DOCTDIAB,About how many times in the past 12 months have you seen a
CHKHEMO3,"About how many times in the past 12 months has a doctor, nurse, or other health professional checked you for A‐one‐C?"
FEETCHK,About how many times in the past 12 months has a health professional checked your feet for any sores or irritations?
EYEEXAM1,"When was the last time you had an eye exam in which the pupils were dilated, making you temporarily sensitive to bright light?"
DIABEYE,Has a doctor ever told you that diabetes has affected your eyes or that you had retinopathy?
DIABEDU,Have you ever taken a course or class in how to manage your diabetes yourself?
TOLDCFS,Have you ever been told by a doctor or other health professional that you had Chronic Fatigue Syndrome (CFS)
HAVECFS,Do you still have Chronic Fatigue Syndrome (CFS) or (Myalgic Encephalomyelitis) ME?
WORKCFS,"Thinking about your CFS or ME, during the past 6 months, how many hours a week on average have you been"
TOLDHEPC,Have you ever been told by a doctor or other health professional that you had Hepatitis C?
TRETHEPC,Were you treated for Hepatitis C in 2015 or after?
PRIRHEPC,Were you treated for Hepatitis C prior to 2015?
HAVEHEPC,Do you still have Hepatitis C?
HAVEHEPB,"Has a doctor, nurse, or other health professional ever told you that you had hepatitis B?"
MEDSHEPB,Are you currently taking medicine to treat hepatitis B?
HLTHCVR1,What is the primary source of your health care coverage? Is it…
CIMEMLOS,"The next few questions ask about difficulties in thinking or remembering that can make a big difference in everyday activities. This does not refer to occasionally forgetting your keys or the name of someone you recently met, which is normal. This refers to confusion or memory loss that is happening more often or getting worse, such as forgetting how to do things"
CDHOUSE,"During the past 12 months, as a result of confusion or memory loss, how often have you given up day‐to‐day household activities or chores you used to do, such as cooking, cleaning, taking medications, driving, or paying bills? Would you say it is…"
CDASSIST,"As a result of confusion or memory loss, how often do you need assistance with these day‐to‐ day activities? Would you say it is…"
CDHELP,"When you need help with these day-to-day activities, how often are you able to get the help that you need?"
CDSOCIAL,"During the past 12 months, how often has confusion or memory loss interfered with your ability to work,"
CDDISCUS,Have you or anyone else discussed your confusion or memory loss with a health care professional?
CAREGIV1,"During the past 30 days, did you provide regular care or assistance to a friend or family member who has a"
CRGVREL4,What is his or her relationship to you?
CRGVLNG1,For how long have you provided care for that person?
CRGVHRS1,"In an average week, how many hours do you provide care or assistance? Would you say…"
CRGVPRB3,"What is the main health problem, long‐ term illness, or disability that the person you care for has?"
CRGVALZD,"Does the person you care for also have Alzheimer´s disease, dementia or other cognitive impairment disorder?"
CRGVPER1,"In the past 30 days, did you provide care for this person by managing personal care such as giving medications,"
CRGVHOU1,"In the past 30 days, did you provide care for this person by managing household tasks such as cleaning,"
CRGVEXPT,"In the next 2 years, do you expect to provide care or assistance to a friend or family member who has a health"
ECIGARET,"Have you ever used an e‐ cigarette or other electronic vaping product, even just one time, in your entire life?"
ECIGNOW,"Do you now use e‐ cigarettes or other electronic vaping products every day, some days, or not at all?"
MARIJAN1,"During the past 30 days, on how many days did you use marijuana or cannabis?"
USEMRJN2,"During the past 30 days, which one of the following ways did you use marijuana the most often? Did you usually…"
RSNMRJN1,"When you used marijuana or cannabis during the past 30 days, was it usually:"
LCSFIRST,How old were you when you first started to smoke cigarettes regularly
LCSLAST,How old were you when you last smoked cigarettes regularly?
LCSNUMCG,"On average, when you smoke/smoked regularly, about how many cigarettes do/did you usually smoke each day?"
LCSCTSCN,"In the last 12 months, did you have a CT or CAT scan?"
CNCRDIFF,You’ve told us that you have had cancer. I would like to ask you a few more questions about your cancer. How many different types of cancer have you had?
CNCRAGE,At what age were you told that you had cancer?
CNCRTYP1,What type of cancer was it?
CSRVTRT3,Are you currently receiving treatment for cancer?
CSRVDOC1,What type of doctor provides the majority of your health care?
CSRVSUM,"Did any doctor, nurse, or other health professional ever give you a written summary of all the cancer treatments"
CSRVRTRN,"Have you ever received instructions from a doctor, nurse, or other health professional about where you should"
CSRVINST,Were these instructions written down or printed on paper for you?
CSRVINSR,"With your most recent diagnosis of cancer, did you have health insurance that paid for all or part of your cancer"
CSRVDEIN,Were you ever denied health insurance or life insurance coverage because of your cancer?
CSRVCLIN,Did you participate in a clinical trial as part of your cancer treatment?
CSRVPAIN,Do you currently have physical pain caused by your cancer or cancer treatment?
CSRVCTL2,Would you say your pain is currently under control…?
PCPSADE1,Which of the following best describes the decision to have the P.S.A. test done?
PCDMDEC1,Who made the decision with you?
HPVADVC4,Have you ever had an H.P.V. vaccination?
HPVADSHT,How many HPV shots did you receive?
TETANUS1,"Have you received a tetanus shot in the past 10 years? (If yes, ask: “Was this Tdap, the tetanus shot that also has"
IMFVPLA1,At what kind of place did you get your last flu shot or vaccine?
TYPEWORK,"What kind of work do you do? [(for example, registered nurse, janitor, cashier, auto mechanic)]"
TYPEINDS,"What kind of business or industry do you work in? [(for example, hospital, elementary school, clothing"
BIRTHSEX,What was your sex at birth? Was it male or female?
SOMALE,.Which of the following best represents how you think of yourself?
SOFEMALE,Which of the following best represents how you think of yourself?
TRNSGNDR,Do you consider yourself to be transgender?
ACEDEPRS,"Did you live with anyone who was depressed, mentally ill, or suicidal?"
ACEDRINK,Did you live with anyone who was a problem drinker or alcoholic?
ACEDRUGS,Did you live with anyone who used illegal street drugs or who abused prescription medications?
ACEPRISN,"Did you live with anyone who served time or was sentenced to serve time in a prison, jail, or other correctional facility?"
ACEDIVRC,Were your parents separated or divorced?
ACEPUNCH,"How often did your parents or adults in your home ever slap, hit, kick, punch or beat each other up?"
ACEHURT1,"Not including spanking, (before age 18), how often did a parent or adult in your home ever hit, beat, kick, or"
ACESWEAR,"How often did a parent or adult in your home ever swear at you, insult you, or put you down?"
ACETOUCH,"How often did anyone at least 5 years older than you or an adult, ever touch you sexually?"
ACETTHEM,"How often did anyone at least 5 years older than you or an adult, try to make you touch them sexually?"
ACEHVSEX,"How often did anyone at least 5 years older than you or an adult, force you to have sex?"
RCSBIRTH,What is the birth month and year of the [Xth] child?
RCSGENDR,Is the child a boy or a girl?
RCHISLA1,"Is the child Hispanic, Latino/a, or Spanish origin?"
RCSRACE1,Which one or more of the following would you say is the race of the child?
RCSBRAC2,Which one of these groups would you say best represents the child’s race?
RCSRLTN2,How are you related to the child? Are you a….
CASTHDX2,"The next two questions are about the Xth child. Has a doctor, nurse or other health professional EVER said that the child has asthma?"
CASTHNO2,Does the child still have
CALLBACK,We would like to call you again within the next 2 weeks to talk in more detail about (your/your child’s) experiences with
ADLTCHLD,Which household member was selected to be the focus of the callback.
ADHISPA,Adult Hispanic response
CHHISPA,Child Hispanic response
QSTVER,Questionnaire Version Identifier
QSTLANG,Language identifier
CATI_RN,Description not found
CATI_RG,Description not found
CATI_SR,Description not found
CPCOUNTY,Cell Phone County Name
OH1_1,"In the past year, did you use any pain medications that were prescribed to you by a healthcare provider?"
OH1_2,"The last time you filled a prescription for pain medication, did you use any of the pain medication more frequently or in higher doses than directed by a healthcare provider?"
OH1_3,"The last time you filled a prescription for pain medication, was there any medication leftover?"
OH1_4,"What did you do with the leftover medication?"
OH1_5,"In the past year, did you use prescription pain medication that was NOT prescribed to you?"
OH1_6,"The last time you used prescription pain medication not prescribed to you, how did you obtain the medication?"
OH1_7,"What was the main reason you used prescription pain medications not prescribed to you?"
OH1_8,"Have you ever used heroin?"
OH1_9,"Have you ever used methadone, suboxone, or subutex to treat an addiction?"
OH1_10,"Have you used Naloxone (nal-ox-one) on someone else to reverse a suspected overdose?"
OH2_1,"Have you heard about the Ohio law regarding concussions in youth sports?"
OH2_2,"Has a child of yours participated in youth sports in the last 12 months?"
OH2_3,"Has a child of yours suffered a concussion from playing sports in the last 12 months?"
OH2_4,"Did you seek medical attention for your child's concussion?"
OH2_5,"Was your child removed from play the day of the concussion?"
OH2_6,"Did your child return to play the same day?"
OH2_7,"Was your child cleared to return to play by a health care professional?"
OH2_8,"How many days was your child out of play?"
OH2_9,"Did your child's school provide accommodations for your child's recovery?"
OH2_10,"Did you receive information about concussions from the youth sports organization?"
SUGRSODA,"During the past 30 days, how often did you drink regular soda or pop that contains sugar? Do not include diet soda or diet pop."
SGRDRNK2,"During the past 30 days, how often did you drink sugar-sweetened fruit drinks (such as Kool-aid and lemonade), sweet tea, and sports or energy drinks?"
OH4_1,"In your lifetime, have you ever been hospitalized or treated in an emergency room following an injury to your head or neck?"
OH4_2,"In your lifetime, have you ever been injured in a vehicular accident, such as a car, motorcycle, or ATV crash?"
OH4_3,"In your lifetime, have you ever been injured in a fall?"
OH4_4,"In your lifetime, have you ever been injured in a fight or assault?"
OH4_5,"In your lifetime, have you ever been near an explosion or blast?"
OH4_6,"Have you ever been injured playing sports or on a playground?"
OH4_7,"Did you lose consciousness or get knocked out from any of these injuries?"
OH4_8,"How old were you the first time you were knocked out?"
OH4_9,"How many times in your life have you been knocked out?"
OH4_10,"If you were not knocked out, did you have a dazed or confused feeling or a gap in your memory from the injury?"
OH4_11,"How old were you the first time you had a dazed or confused feeling or a gap in your memory?"
OH5_1,"When was the last time you had your eyes examined by any doctor or eye care provider?"
VINCORE2,"When was the last time you had your eyes examined by any doctor or eye care provider?"
VIINSUR2,"Do you have any kind of health insurance coverage for eye care?"
OH6_1,"Have you recently lost weight without trying?"
OH6_2,"If yes, how much weight have you lost?"
OH6_3,"Have you been eating poorly because of a decreased appetite?"
OH6_4,"Has food intake declined over the past 3 months due to chewing or swallowing difficulties?"
OH9_1,"Are any firearms now kept in or around your home?"
OH9_2,"Are any of these firearms now loaded?"
OH9_3,"Are any of these loaded firearms also unlocked?"
OH7_1,"In the past 12 months, how often did the food that you bought not last and you didn't have money to get more?"
OH7_2,"In the past 12 months, has the electric, gas, oil, or water company threatened to shut off your services for not paying bills?"
OH7_3,"How often do you feel socially isolated from others?"
RRCLASS2,"How do other people usually classify you in this country?"
RRCOGNT2,"How often do you think about your race? Would you say never, once a year, once a month, once a week, once a day, once an hour, or constantly?"
RRATWRK2,"Within the past 12 months at work, do you feel you were treated worse than, the same as, or better than people of other races?"
RRHCARE3,"Within the past 12 months when seeking health care, do you feel your experiences were worse than, the same as, or better than people of other races?"
RRPHYSM2,"Within the past 30 days, have you experienced any physical symptoms, for example, a headache, an upset stomach, tensing of your muscles, or a pounding heart, as a result of how you were treated based on your race?"
RREMTSM2,"Within the past 30 days, have you experienced any emotional symptoms, for example, feeling emotionally upset, as a result of how you were treated based on your race?"
OH10_1,"Over the last 2 weeks, how many days have you had little interest or pleasure in doing things?"
OH10_2,"Over the last 2 weeks, how many days have you felt down, depressed or hopeless?"
OH10_3,"Over the last 2 weeks, how many days have you had trouble falling asleep or staying asleep or sleeping too much?"
OH10_4,"Over the last 2 weeks, how many days have you felt tired or had little energy?"
OH10_5,"Has a doctor, nurse, or other health professional ever told you that you had a depressive disorder, including depression, major depression, dysthymia, or minor depression?"
OH11_1,"Have you ever been threatened with physical violence by an intimate partner?"
OH11_2,"Have you ever been slapped, pushed, kicked, choked, or hit by an intimate partner?"
OH11_3,"Have you ever been forced to have sex by an intimate partner?"
OH11_4,"Are you afraid of your current partner?"
OH11_5,"In the past 12 months, have you been threatened with physical violence by an intimate partner?"
OH11_6,"In the past 12 months, have you been slapped, pushed, kicked, choked, or hit by an intimate partner?"
OH11_7,"In the past 12 months, have you been forced to have sex by an intimate partner?"
OTH_Tob_1,"Do you currently use other tobacco products every day, some days, or not at all?"
OTH_Tob_2,"Do you smoke cigars every day, some days, or not at all?"
OTH_Tob_3,"Do you now smoke little cigars or cigarillos, such as Black and Mild's, every day, some days, or not at all?"
OTH_Tob_4,"Do you now smoke a water pipe or hookah every day, some days, or not at all?"
OTH_Tob_5,"Do you now use any flavored e-cigarette or tobacco products every day, some days, or not at all?"
OTH_Tob_6,"Do you now use any flavored e-cigarette or tobacco products every day, some days, or not at all?"
SHS_1,"In the last 7 days, have you been exposed to vapor from someone who was using an e-cigarette or other electronic vaping product near you?"
SHS_2,"In the last 7 days, have you been exposed to secondhand smoke from someone who was smoking a cigarette or other tobacco product near you?"
SHS_3a,"In which of the following places were you exposed to secondhand smoke: In your home?"
SHS_3b,"In which of the following places were you exposed to secondhand smoke: In your own car or vehicle?"
SHS_3c,"In which of the following places were you exposed to secondhand smoke: In someone else's car or vehicle?"
SHS_3d,"In which of the following places were you exposed to secondhand smoke: At work?"
SHS_3e,"In which of the following places were you exposed to secondhand smoke: At school?"
SHS_3f,"In which of the following places were you exposed to secondhand smoke: In an indoor public place such as a building lobby, mall, or enclosed stadium?"
SHS_3g,"In which of the following places were you exposed to secondhand smoke: In an outdoor public place such as a park, sidewalk, or outdoor sporting event?"
SHS_4,"Thinking now about your home, which best describes the building you live in?"
SHS_5,"Which statement best describes the rules about smoking inside your home?"
SHS_6,"Which statement best describes the rules about using e-cigarettes or vaping products inside your home?"
ATS_1,"About how old were you the first time you smoked part or all of a cigarette?"
ATS_2,"About how long has it been since you last smoked a cigarette, even one or two puffs?"
ATS_3,"On average, about how many cigarettes a day do you now smoke?"
ATS_4,"About how old were you the first time you used any tobacco product for the first time?"
ATS_5,"In the past 30 days, on how many days did you vape marijuana?"
ATS_6,"Do you have a prescription for medical marijuana?"
ATS_7,"Where do you obtain the marijuana you use within e‐ cigarette or vapor products?"
ATS_8,"In the past 30 days, on how many days did you vape CBD oil?"
ATS_9,"Where do you obtain the CBD oil you use within e‐ cigarette or vapor products?"
ATS_10,"During the past 12 months, did any doctor, nurse, or other health professional ask if you smoke?"
ATS_11,"During the past 12 months, did any doctor, nurse, or other health professional advise you to quit smoking?"
ATS_12,"During the past 12 months, did any doctor, nurse, or other health professional ask if you use e-cigarettes or vape?"
ATS_13,"During the past 12 months, did any doctor, nurse, or other health professional advise you to quit using e-cigarettes or vaping?"
ATS_14,"Have you used any of the following to help you quit using tobacco: Nicotine replacement products (gum, patch, lozenge)?"
ATS_15,"Have you used any of the following to help you quit using tobacco: Prescription medication (Chantix, Zyban)?"
ATS_16,"Have you used any of the following to help you quit using tobacco: Counseling or classes?"
ATS_17,"Have you used any of the following to help you quit using tobacco: E-cigarettes or vaping products?"
ATS_18,"Have you used any of the following to help you quit using tobacco: Cold turkey / Just stopped?"
ATS_19,"Have you used any of the following to help you quit using tobacco: Traditional methods (acupuncture, hypnosis)?"
ATS_20,"Have you used any of the following to help you quit using tobacco: Quitline or telephone support?"
ATS_21,"Do you think that breathing smoke from other people's cigarettes is: Very harmful to one's health, Somewhat harmful, Not very harmful, or Not harmful at all?"
ATS_22,"Do you think that breathing vapor from other people's e-cigarettes is: Very harmful to one's health, Somewhat harmful, Not very harmful, or Not harmful at all?"
ATS_23,"How much do you favor or oppose banning the sale of all tobacco products, including e-cigarettes, in your community?"
ATS_24,"How much do you favor or oppose banning the sale of flavored tobacco products?"
ATS_25,"How much do you favor or oppose banning the sale of menthol cigarettes?"
ATS_26,"Tobacco use of any kind should not be allowed in outdoor public spaces. Do you Strongly Agree, Agree, Disagree, or Strongly Disagree?"
ATS_27,"In July 2019, Ohio passed a law that raised the minimum age to buy tobacco products from 18 to 21 years. How would you rate your approval of the law?"
ATS_28,"E‐cigarettes and other electronic vaping products should be treated the same as regular cigarettes in terms of tobacco laws and policies. Do you Strongly Agree, Agree, Disagree, or Strongly Disagree?"
ATS_29,"Stores that sell tobacco products should not be allowed near schools. Do you Strongly Agree, Agree, Disagree, or Strongly Disagree?"
ATS_30,"How likely would you be to ask a stranger to not smoke or vape around you?"
ATS_31,"How likely would you be to ask a friend or family member to not smoke or vape around you?"
ATS_32,"Do you believe you have a right to breathe clean air in public places?"
ATS_33,"Would you support a policy that prohibits smoking and vaping in multi-unit housing complexes?"
EOR,End of Data-Submission Record Marker
_URBNRRL,NCHS Urban-Rural Classification
_METSTAT,Metropolitan Status
_URBSTAT,Urban/Rural Status
_MSACODE,FIPS Metropolitan Statistical Area Code
MSCODE,Metropolitan Status Code
_STSTR,Sample Design Stratification Variable (Prior to 2011: _STSTR is a five digit number that combines the values for
_STRWT,Stratum weight (Number of records in a stratum (NRECSTR) divided by the number of records selected (NRECSEL).)
_RAW,Raw weighting factor (Number of adults in the household (NUMADULT) divided by the imputed number of
_WT2,Design weight (Stratum weight (_STRWT) multiplied by the raw weighting factor (_RAW).)
_RAWRAKE,"Raw weighting factor used in raking (Number of adults in the household (NUMADULT, maximum of 5) divided by"
_WT2RAKE,Design weight used in raking (Stratum weight (_STRWT) multiplied by the raw weighting factor (_RAWRAKE).)
_REGION,"Geographic region within a state, imputed from CTYCODE, _IMPCTY, or _GEOSTR"
_IMPSEX,"Imputed gender (This value is the reported gender or an imputed gender, if the respondent refused to give their"
_IMPAGE,"Imputed age used in post-stratification (This value is the reported age or an imputed age, if the respondent refused to give an"
_IMPRACE,"Imputed race/ethnicity value (This value is the reported race/ethnicity or an imputed race/ethnicity, if the respondent refused"
_IMPNPH,Imputed number of phones used in weighting
_IMPCTY,Imputed County
_IMPEDUC,"Imputed Education Level (This value is the reported education level or an imputed education level, if the respondent refused"
_IMPMRTL,"Imputed Marital Status (This value is the reported marital status or an imputed marital status, if the respondent refused to"
_IMPHOME,"Imputed Own or Rent Home (This value is the reported tenure (rent or own home) or an imputed tenure, if the respondent"
O_STATE,Original state that collected the cell phone data
_CHISPNC,"Child Hispanic, Latino/a, or Spanish origin calculated variable"
CRACORG1,"RCSRACE1 with 77, 88, 80, 99s removed"
CRACASC1,CRACORG1 with responses in ascending order
_CRACE1,Child multiracial race categorization
_CPRACE,Preferred Child Race Categories
_IMPCAGE,Imputed Child Age
_IMPCRAC,Imputed Child Race/Ethnicity
_IMPCSEX,Imputed Child Gender
_RAWCH,Raw child weighting factor (Number of children in the household (CHILDREN) divided by the imputed number of
_WT2CH,Child design weight (Child stratum weight (_STRWT) multiplied by the raw weighting factor (_RAWCH).)
CHILDAGE,Child Age (in months)
CAGEG,Four level child age
_CLCPM01,Child Combined Land-Line and Cell-Phone First Margin (Age-Gender)
_CLCPM02,Child Combined Land-Line and Cell-Phone Second Margin (Race/Ethnicity)
_CLCPM03,Child Combined Land-Line and Cell-Phone Third Margin (Gender-Race/Ethnicity)
_CLCPM04,Child Combined Land-Line and Cell-Phone Fourth Margin (Age-Race/Ethnicity)
_CLCPM05,Child Combined Land-Line and Cell-Phone Fifth Margin (Telephone Source)
_CLLCPWT,Final child weight: Land-line and Cell-Phone data (Raking derived weight)
_CLCM1V1,Version 1 Child Combined Land-Line and Cell-Phone First Margin (Age-Gender)
_CLCM2V1,Version 1 Child Combined Land-Line and Cell-Phone Second Margin (Race/Ethnicity)
_CLCM3V1,Version 1 Child Combined Land-Line and Cell-Phone Third Margin (Gender-Race/Ethnicity)
_CLCM4V1,Version 1 Child Combined Land-Line and Cell-Phone Fourth Margin (Age-Race/Ethnicity)
_CLCM5V1,Version 1 Child Combined Land-Line and Cell-Phone Fifth Margin (Telephone Source)
_CLCWTV1,Version 1 child weight: Land-line and Cell-Phone data
_CLCM1V2,Version 2 Child Combined Land-Line and Cell-Phone First Margin (Age-Gender)
_CLCM2V2,Version 2 Child Combined Land-Line and Cell-Phone Second Margin (Race/Ethnicity)
_CLCM3V2,Version 2 Child Combined Land-Line and Cell-Phone Third Margin (Gender-Race/Ethnicity)
_CLCM4V2,Version 2 Child Combined Land-Line and Cell-Phone Fourth Margin (Age-Race/Ethnicity)
_CLCM5V2,Version 2 Child Combined Land-Line and Cell-Phone Fifth Margin (Telephone Source)
_CLCWTV2,Version 2 child weight: Land-line and Cell-Phone data
_CLCM1V3,Version 3 Child Combined Land-Line and Cell-Phone First Margin (Age-Gender)
_CLCM2V3,Version 3 Child Combined Land-Line and Cell-Phone Second Margin (Race/Ethnicity)
_CLCM3V3,Version 3 Child Combined Land-Line and Cell-Phone Third Margin (Gender-Race/Ethnicity)
_CLCM4V3,Version 3 Child Combined Land-Line and Cell-Phone Fourth Margin (Age-Race/Ethnicity)
_CLCM5V3,Version 3 Child Combined Land-Line and Cell-Phone Fifth Margin (Telephone Source)
_CLCWTV3,Version 3 child weight: Land-line and Cell-Phone data
ORGSEQNO,Original State and Original Sequence Number
_DUALUSE,Dual Phone Use Categories
_DUALCOR,Dual phone use correction factor
_LLCPWT2,Truncated design weight used in adult combined land line and cell phone raking
_LLCPM01,Combined Land-Line and Cell-Phone First Margin (Age-Gender)
_LLCPM02,Combined Land-Line and Cell-Phone Second Margin (Race/Ethnicity)
_LLCPM03,Combined Land-Line and Cell-Phone Third Margin (Education)
_LLCPM04,Combined Land-Line and Cell-Phone Fourth Margin (Marital Status)
_LLCPM05,Combined Land-Line and Cell-Phone Fifth Margin (Home Ownership)
_LLCPM06,Combined Land-Line and Cell-Phone Sixth Margin (Gender-Race/Ethnicity)
_LLCPM07,Combined Land-Line and Cell-Phone Seventh Margin (Age-Race/Ethnicity)
_LLCPM08,Combined Land-Line and Cell-Phone Eighth Margin (Telephone Source)
_LLCPM09,Combined Land-Line and Cell-Phone Ninth Margin (Regions)
_LLCPM10,Combined Land-Line and Cell-Phone Tenth Margin (Regions-Age)
_LLCPM11,Combined Land-Line and Cell-Phone Eleventh Margin (Regions-Gender)
_LLCPM12,Combined Land-Line and Cell-Phone Twelfth Margin (Regions-Race/Ethnicity)
_LLCPM13,Combined Land-Line and Cell-Phone Thirteenth Margin (Counties)
_LLCPM14,Combined Land-Line and Cell-Phone Fourteenth Margin (Counties-Race/Ethnicity)
_LLCPM15,Combined Land-Line and Cell-Phone Fifteenth Margin (Counties-Age)
_LLCPM16,Combined Land-Line and Cell-Phone Sixteenth Margin (Counties-Sex)
_LLCPWT,Final weight assigned to each respondent: Land-line and cell-phone data (Raking derived weight)
_LCM01V1,Version 1 Combined Land-Line and Cell-Phone First Margin (Age-Gender)
_LCM02V1,Version 1 Combined Land-Line and Cell-Phone Second Margin (Race/Ethnicity)
_LCM03V1,Version 1 Combined Land-Line and Cell-Phone Third Margin (Education)
_LCM04V1,Version 1 Combined Land-Line and Cell-Phone Fourth Margin (Marital Status)
_LCM05V1,Version 1 Combined Land-Line and Cell-Phone Fifth Margin (Home Ownership)
_LCM06V1,Version 1 Combined Land-Line and Cell-Phone Sixth Margin (Gender-Race/Ethnicity)
_LCM07V1,Version 1 Combined Land-Line and Cell-Phone Seventh Margin (Age-Race/Ethnicity)
_LCM08V1,Version 1 Combined Land-Line and Cell-Phone Eighth Margin (Telephone Source)
_LCM09V1,Version 1 Combined Land-Line and Cell-Phone Ninth Margin (Regions)
_LCM10V1,Version 1 Combined Land-Line and Cell-Phone Tenth Margin (Regions-Age)
_LCM11V1,Version 1 Combined Land-Line and Cell-Phone Eleventh Margin (Regions-Gender)
_LCM12V1,Version 1 Combined Land-Line and Cell-Phone Twelfth Margin (Regions-Race/Ethnicity)
_LCPWTV1,Version 1 weight assigned to each respondent: Land-line and cell-phone data
_LCM01V2,Version 2 Combined Land-Line and Cell-Phone First Margin (Age-Gender)
_LCM02V2,Version 2 Combined Land-Line and Cell-Phone Second Margin (Race/Ethnicity)
_LCM03V2,Version 2 Combined Land-Line and Cell-Phone Third Margin (Education)
_LCM04V2,Version 2 Combined Land-Line and Cell-Phone Fourth Margin (Marital Status)
_LCM05V2,Version 2 Combined Land-Line and Cell-Phone Fifth Margin (Home Ownership)
_LCM06V2,Version 2 Combined Land-Line and Cell-Phone Sixth Margin (Gender-Race/Ethnicity)
_LCM07V2,Version 2 Combined Land-Line and Cell-Phone Seventh Margin (Age-Race/Ethnicity)
_LCM08V2,Version 2 Combined Land-Line and Cell-Phone Eighth Margin (Telephone Source)
_LCM09V2,Version 2 Combined Land-Line and Cell-Phone Ninth Margin (Regions)
_LCM10V2,Version 2 Combined Land-Line and Cell-Phone Tenth Margin (Regions-Age)
_LCM11V2,Version 2 Combined Land-Line and Cell-Phone Eleventh Margin (Regions-Gender)
_LCM12V2,Version 2 Combined Land-Line and Cell-Phone Twelfth Margin (Regions-Race/Ethnicity)
_LCPWTV2,Version 2 weight assigned to each respondent: Land-line and cell-phone data
_LCM01V3,Version 3 Combined Land-Line and Cell-Phone First Margin (Age-Gender)
_LCM02V3,Version 3 Combined Land-Line and Cell-Phone Second Margin (Race/Ethnicity)
_LCM03V3,Version 3 Combined Land-Line and Cell-Phone Third Margin (Education)
_LCM04V3,Version 3 Combined Land-Line and Cell-Phone Fourth Margin (Marital Status)
_LCM05V3,Version 3 Combined Land-Line and Cell-Phone Fifth Margin (Home Ownership)
_LCM06V3,Version 3 Combined Land-Line and Cell-Phone Sixth Margin (Gender-Race/Ethnicity)
_LCM07V3,Version 3 Combined Land-Line and Cell-Phone Seventh Margin (Age-Race/Ethnicity)
_LCM08V3,Version 3 Combined Land-Line and Cell-Phone Eighth Margin (Telephone Source)
_LCM09V3,Version 3 Combined Land-Line and Cell-Phone Ninth Margin (Regions)
_LCM10V3,Version 3 Combined Land-Line and Cell-Phone Tenth Margin (Regions-Age)
_LCM11V3,Version 3 Combined Land-Line and Cell-Phone Eleventh Margin (Regions-Gender)
_LCM12V3,Version 3 Combined Land-Line and Cell-Phone Twelfth Margin (Regions-Race/Ethnicity)
_LCPWTV3,Version 3 weight assigned to each respondent: Land-line and cell-phone data
_RFHLTH,Adults with good or better health
_PHYS14D,"3 level not good physical health status: 0 days, 1-13 days, 14-30 days"
_MENT14D,"3 level not good mental health status: 0 days, 1-13 days, 14-30 days"
_HCVU651,Respondents aged 18-64 who have any form of health care coverage
_TOTINDA,Adults who reported doing physical activity or exercise during the past 30 days other than their regular job
_MICHD,Respondents that have ever reported having coronary heart disease (CHD) or myocardial infarction (MI)
_LTASTH1,Adults who have ever been told they have asthma
_CASTHM1,Adults who have been told they currently have asthma
_ASTHMS1,Computed asthma status
_DRDXAR2,Respondents who have had a doctor diagnose them as having some form of arthritis
_EXTETH3,Adults aged 18+ who have had permanent teeth extracted
_ALTETH3,Adults aged 65+ who have had all their natural teeth extracted
_DENVST3,"Adults who have visited a dentist, dental hygenist or dental clinic within the past year"
MRACORG1,"MRACE1 with 77,88,99s removed"
MRACASC1,"MRACORG1 with 77,88,99s removed, in ascending order"
_PRACE1,Preferred race category
_MRACE1,Calculated multiracial race categorization
_M_RACE,Calculated multiracial race categorization
_HISPANC,"Hispanic, Latino/a, or Spanish origin calculated variable"
_RACE,Race/ethnicity categories
_RACEG21,White non-Hispanic race group
_RACEGR3,Five-level race/ethnicity category
_RACEPRV,Computed race groups used for internet prevalence tables
_SEX,Calculated sex variable
_AGEG5YR,Fourteen-level age category
_AGE65YR,Two-level age category
_AGE80,Imputed Age value collapsed above 80
_AGE_G,Six-level imputed age category
HTIN4,Reported height in inches
HTM4,Reported height in meters
WTKG3,Reported weight in kilograms
_BMI5,Body Mass Index (BMI)
_BMI5CAT,Four-categories of Body Mass Index (BMI)
_RFBMI5,Adults who have a body mass index greater than 25.00 (Overweight or Obese)
_CHLDCNT,Number of children in household
_EDUCAG,Level of education completed
_INCOMG,Income categories
_SMOKER3,"Four-level smoker status: Everyday smoker, Someday smoker, Former smoker, Non-smoker"
_RFSMOK3,Adults who are current smokers
DRNKANY5,Adults who reported having had at least one drink of alcohol in the past 30 days.
DROCDY3_,Drink-occasions-per-day
_RFBING5,"Binge drinkers (males having five or more drinks on one occasion, females having four or more drinks on one occasion)"
_DRNKWK1,Calculated total number of alcoholic beverages consumed per week
_RFDRHV7,Heavy drinkers (adult men having more than 14 drinks per week and adult women having more than 7 drinks per week)
_FLSHOT7,Adults aged 65+ who have had a flu shot within the past year
_PNEUMO3,Adults aged 65+ who have ever had a pneumonia vaccination
_RFSEAT2,Always or Nearly Always Wear Seat Belts Calculated Variable
_RFSEAT3,Always Wear Seat Belts Calculated Variable
_DRNKDRV,Drinking and Driving (Reported having driven at least once when perhaps had too much to drink)
_RFMAM22,Women respondents aged 40+ who have had a mammogram in the past two years
_MAM5023,Women respondents aged 50-74 who have had a mammogram in the past two years
_RFPAP35,Women respondents aged 21-65 who have had a pap test in the past three years
_RFPSA23,Male respondents aged 40+ who have had a PSA test in the past 2 years
_CLNSCPY,Respondents aged 50-75 who have had a colonoscopy within the past ten years
_SGMSCPY,Respondents aged 50-75 who have had a sigmoidoscopy within the past five years
_SGMS10Y,Respondents aged 50-75 who have had a sigmoidoscopy within the past ten years
_RFBLDS4,Respondents aged 50-75 who have had a blood stool test within the past year
_STOLDNA,Respondents aged 50-75 who have had a stool DNA test within the past three years
_VIRCOLN,Respondents aged 50-75 who have had a virtual colonoscopy within the past five years
_SBONTIM,Respondents aged 50-75 who have had a sigmoidoscopy within the past ten years and a blood stool test in the past year
_CRCREC1,Respondents aged 50-75 who have fully met the USPSTF recommendations
_AIDTST4,Adults who have ever been tested for HIV
